{"_default": {"1": {"correction": [1.1168652065098286, -0.20897674560546875, -0.22948455810546875, 1.0170569121837616], "i_offset": 0.0126953125, "q_offset": -0.0087890625, "lo_frequency": 5900000000.0, "if_frequency": 150000000.0, "temperature": 56.3125, "mixer_id": "octave_octave1_1", "optimizer_parameters": {"average_iterations": 100, "iterations": 10000, "calibration_offset_frequency": 7000000.0, "keep_on": false}}, "2": {"correction": [1.0, 0.0, 0.0, 1.0], "i_offset": -0.00439453125, "q_offset": 0.0, "lo_frequency": 4500000000.0, "if_frequency": 50000000.0, "temperature": 53.25, "mixer_id": "octave_octave1_5", "optimizer_parameters": {"average_iterations": 100, "iterations": 10000, "calibration_offset_frequency": 7000000.0, "keep_on": false}}, "3": {"correction": [1.2839983366429806, -0.08180373534560204, -0.124859269708395, 0.8412339650094509], "i_offset": 0.005126953125, "q_offset": -0.0137939453125, "lo_frequency": 4900000000.0, "if_frequency": -50000000.0, "temperature": 53.0625, "mixer_id": "octave_octave1_5", "optimizer_parameters": {"average_iterations": 100, "iterations": 10000, "calibration_offset_frequency": 7000000.0, "keep_on": false}}, "4": {"correction": [1.4891657158732414, -0.11625156924128532, -0.21561775729060173, 0.8028923608362675], "i_offset": 0.009765625, "q_offset": -0.005859375, "lo_frequency": 4400000000.0, "if_frequency": 50000000.0, "temperature": 52.9375, "mixer_id": "octave_octave1_5", "optimizer_parameters": {"average_iterations": 100, "iterations": 10000, "calibration_offset_frequency": 7000000.0, "keep_on": false}}, "5": {"correction": [1.3211020156741142, -0.053955078125, -0.087158203125, 0.8178250566124916], "i_offset": 0.003662109375, "q_offset": -0.0185546875, "lo_frequency": 4550000000.0, "if_frequency": -50000000.0, "temperature": 53.1875, "mixer_id": "octave_octave1_5", "optimizer_parameters": {"average_iterations": 100, "iterations": 10000, "calibration_offset_frequency": 7000000.0, "keep_on": false}}, "6": {"correction": [1.3299832381308079, -0.053762808442115784, -0.08774413168430328, 0.8149107247591019], "i_offset": 0.0042724609375, "q_offset": -0.01824951171875, "lo_frequency": 4600000000.0, "if_frequency": -100000000.0, "temperature": 53.125, "mixer_id": "octave_octave1_5", "optimizer_parameters": {"average_iterations": 100, "iterations": 10000, "calibration_offset_frequency": 7000000.0, "keep_on": false}}}}