{"_default": {"1": {"correction": [1.004735816270113, 0.06405084580183029, 0.06387906521558762, 1.0074377059936523], "i_offset": -0.0328826904296875, "q_offset": 0.0120086669921875, "lo_frequency": 5950000000.0, "if_frequency": -214510000.0, "temperature": {"temp": 53.5, "errors": []}, "mixer_id": "octave_octave1_1", "optimizer_parameters": {"average_iterations": 100, "iterations": 10000, "calibration_offset_frequency": 7000000.0, "keep_on": false}}, "2": {"correction": [1.013119876384735, 0.09918718785047531, 0.09893324971199036, 1.0157203152775764], "i_offset": -0.026947021484375, "q_offset": 0.000701904296875, "lo_frequency": 3955000000.0, "if_frequency": -99000000.0, "temperature": {"temp": 57.4375, "errors": []}, "mixer_id": "octave_octave1_2", "optimizer_parameters": {"average_iterations": 100, "iterations": 10000, "calibration_offset_frequency": 7000000.0, "keep_on": false}}, "3": {"correction": [1.0195316150784492, 0.1470695324242115, 0.14397891238331795, 1.0414166562259197], "i_offset": 0.00714111328125, "q_offset": 0.073516845703125, "lo_frequency": 4215000000.0, "if_frequency": -183200000.0, "temperature": {"temp": 51.125, "errors": []}, "mixer_id": "octave_octave1_4", "optimizer_parameters": {"average_iterations": 100, "iterations": 10000, "calibration_offset_frequency": 7000000.0, "keep_on": false}}, "4": {"correction": [1.0119290761649609, 0.10491481050848961, 0.10407295450568199, 1.0201146677136421], "i_offset": -0.0342254638671875, "q_offset": 0.0309600830078125, "lo_frequency": 4055000000.0, "if_frequency": -19700000.0, "temperature": {"temp": 57.5, "errors": []}, "mixer_id": "octave_octave1_2", "optimizer_parameters": {"average_iterations": 100, "iterations": 10000, "calibration_offset_frequency": 7000000.0, "keep_on": false}}, "5": {"correction": [1.0156753063201904, 0.13932431116700172, 0.1361636109650135, 1.0392516888678074], "i_offset": 0.0071258544921875, "q_offset": 0.0735931396484375, "lo_frequency": 4215000000.0, "if_frequency": -124240000.0, "temperature": {"temp": 51.0625, "errors": []}, "mixer_id": "octave_octave1_4", "optimizer_parameters": {"average_iterations": 100, "iterations": 10000, "calibration_offset_frequency": 7000000.0, "keep_on": false}}, "6": {"correction": [1.0163037851452827, 0.10748419538140297, 0.1073596216738224, 1.017483040690422], "i_offset": -0.034149169921875, "q_offset": 0.0308837890625, "lo_frequency": 4055000000.0, "if_frequency": -116555000.0, "temperature": {"temp": 57.4375, "errors": []}, "mixer_id": "octave_octave1_2", "optimizer_parameters": {"average_iterations": 100, "iterations": 10000, "calibration_offset_frequency": 7000000.0, "keep_on": false}}, "7": {"correction": [1.0156761929392815, 0.13591918721795082, 0.13315223529934883, 1.0367823131382465], "i_offset": 0.0071868896484375, "q_offset": 0.0736083984375, "lo_frequency": 4215000000.0, "if_frequency": -89090000.0, "temperature": {"temp": 51.0625, "errors": []}, "mixer_id": "octave_octave1_4", "optimizer_parameters": {"average_iterations": 100, "iterations": 10000, "calibration_offset_frequency": 7000000.0, "keep_on": false}}, "8": {"correction": [1.0164888240396976, 0.15053614974021912, 0.14615928754210472, 1.0469284355640411], "i_offset": -0.033111572265625, "q_offset": 0.061553955078125, "lo_frequency": 4300000000.0, "if_frequency": -98700000.0, "temperature": {"temp": 51.125, "errors": []}, "mixer_id": "octave_octave1_4", "optimizer_parameters": {"average_iterations": 100, "iterations": 10000, "calibration_offset_frequency": 7000000.0, "keep_on": false}}, "9": {"correction": [1.0523961372673512, 0.22627202793955803, 0.22010232135653496, 1.0818959400057793], "i_offset": -0.086181640625, "q_offset": -0.01708984375, "lo_frequency": 4400000000.0, "if_frequency": -199070000.0, "temperature": {"temp": 51.1875, "errors": []}, "mixer_id": "octave_octave1_4", "optimizer_parameters": {"average_iterations": 100, "iterations": 10000, "calibration_offset_frequency": 7000000.0, "keep_on": false}}, "10": {"correction": [1.0489636659622192, 0.1246739886701107, 0.1308462880551815, 0.9994818046689034], "i_offset": -0.0442962646484375, "q_offset": -0.0387725830078125, "lo_frequency": 3700000000.0, "if_frequency": -180000000.0, "temperature": {"temp": 57.4375, "errors": []}, "mixer_id": "octave_octave1_2", "optimizer_parameters": {"average_iterations": 100, "iterations": 10000, "calibration_offset_frequency": 7000000.0, "keep_on": false}}, "11": {"correction": [1.04962208122015, 0.1469372734427452, 0.15197580307722092, 1.0148234367370605], "i_offset": -0.0562591552734375, "q_offset": -0.040130615234375, "lo_frequency": 3600000000.0, "if_frequency": -180000000.0, "temperature": {"temp": 57.4375, "errors": []}, "mixer_id": "octave_octave1_2", "optimizer_parameters": {"average_iterations": 100, "iterations": 10000, "calibration_offset_frequency": 7000000.0, "keep_on": false}}, "12": {"correction": [1.0145268887281418, 0.10615788772702217, 0.10575692728161812, 1.0183733068406582], "i_offset": 0.005157470703125, "q_offset": 0.037078857421875, "lo_frequency": 3950000000.0, "if_frequency": -100000000.0, "temperature": {"temp": 51.125, "errors": []}, "mixer_id": "octave_octave1_4", "optimizer_parameters": {"average_iterations": 100, "iterations": 10000, "calibration_offset_frequency": 7000000.0, "keep_on": false}}, "13": {"correction": [1.1075236909091473, 0.24587762355804443, 0.25731202960014343, 1.0583076663315296], "i_offset": 0.00091552734375, "q_offset": 0.047088623046875, "lo_frequency": 4750000000.0, "if_frequency": -92000000.0, "temperature": {"temp": 51.125, "errors": []}, "mixer_id": "octave_octave1_4", "optimizer_parameters": {"average_iterations": 100, "iterations": 10000, "calibration_offset_frequency": 7000000.0, "keep_on": false}}, "14": {"correction": [1.0146872736513615, 0.1068982370197773, 0.10648148134350777, 1.0186586380004883], "i_offset": 0.005218505859375, "q_offset": 0.037109375, "lo_frequency": 3950000000.0, "if_frequency": -104553000.0, "temperature": {"temp": 51.1875, "errors": []}, "mixer_id": "octave_octave1_4", "optimizer_parameters": {"average_iterations": 100, "iterations": 10000, "calibration_offset_frequency": 7000000.0, "keep_on": false}}, "15": {"correction": [1.0146501511335373, 0.1067759282886982, 0.10635964944958687, 1.0186213664710522], "i_offset": 0.0053253173828125, "q_offset": 0.0371856689453125, "lo_frequency": 3950000000.0, "if_frequency": -104644000.0, "temperature": {"temp": 51.0625, "errors": []}, "mixer_id": "octave_octave1_4", "optimizer_parameters": {"average_iterations": 100, "iterations": 10000, "calibration_offset_frequency": 7000000.0, "keep_on": false}}, "16": {"correction": [1.0465690642595291, 0.12968942895531654, 0.13506833091378212, 1.0048909559845924], "i_offset": -0.0106353759765625, "q_offset": -0.00408935546875, "lo_frequency": 3700000000.0, "if_frequency": 145356000.0, "temperature": {"temp": 51.0, "errors": []}, "mixer_id": "octave_octave1_4", "optimizer_parameters": {"average_iterations": 100, "iterations": 10000, "calibration_offset_frequency": 7000000.0, "keep_on": false}}, "17": {"correction": [1.0146176889538765, 0.10666890814900398, 0.10625304654240608, 1.0185887776315212], "i_offset": 0.005218505859375, "q_offset": 0.03717041015625, "lo_frequency": 3950000000.0, "if_frequency": -104255000.0, "temperature": {"temp": 50.6875, "errors": []}, "mixer_id": "octave_octave1_4", "optimizer_parameters": {"average_iterations": 100, "iterations": 10000, "calibration_offset_frequency": 7000000.0, "keep_on": false}}, "18": {"correction": [1.004689909517765, 0.06380637735128403, 0.06363525241613388, 1.0073916725814342], "i_offset": -0.03284454345703125, "q_offset": 0.0120086669921875, "lo_frequency": 5950000000.0, "if_frequency": -214210000.0, "temperature": {"temp": 53.4375, "errors": []}, "mixer_id": "octave_octave1_1", "optimizer_parameters": {"average_iterations": 100, "iterations": 10000, "calibration_offset_frequency": 7000000.0, "keep_on": false}},